tf,bars,n_trades,full_cagr_pct,full_sharpe,full_maxdd_pct,avg_lev,cost_drag_pct,cost3_sharpe,wf_oos_sharpe,bh_oos_sharpe,wf_oos_maxdd_pct,dsr,mcpt_p,gates,gate_wf,gate_dd,gate_dsr,gate_cost3,gate_mcpt
1m,6789606,2411,5.23,0.52,-30.2,0.67,7.9,-0.78,0.17,0.51,-32.1,0.425,,1/5,False,True,False,False,False
5m,1443451,1115,11.78,0.85,-28.0,0.78,3.63,0.4,0.51,0.53,-34.3,0.941,,1/5,False,True,False,False,False
15m,494235,636,12.79,0.8,-40.1,0.89,2.12,0.57,0.49,0.54,-44.4,0.909,,0/5,False,False,False,False,False
30m,248912,447,16.4,0.89,-45.6,0.99,1.49,0.75,0.64,0.54,-51.1,0.979,0.016,3/5,True,False,True,False,True
1h,125206,298,19.13,0.93,-28.4,1.11,0.99,0.85,0.69,0.54,-37.7,0.984,0.01,5/5,True,True,True,True,True
4h,32960,158,19.4,1.03,-24.7,1.15,0.35,1.0,0.82,0.55,-30.3,0.999,0.007,5/5,True,True,True,True,True
1d,5531,62,7.16,0.7,-25.1,0.7,0.08,0.68,0.35,0.53,-32.4,0.881,0.03,2/5,False,True,False,False,True
1w,1126,50,3.24,0.5,-28.7,0.43,0.05,0.49,0.27,0.54,-20.5,0.723,0.209,1/5,False,True,False,False,False
1mo,260,37,3.62,0.6,-12.3,0.31,0.04,0.59,0.26,0.52,-18.3,0.653,0.109,1/5,False,True,False,False,False
